nameLast,nameFirst,weight,height,bats,throws,finalGame
Abreu,JosÃ©,250,75,R,R,9/27/2020
Adams,Austin,220,75,R,R,9/27/2020
Adell,Jo,215,75,R,R,9/27/2020
Adrianza,Ehire,195,73,B,R,9/27/2020
Aguilar,Jesus,277,75,R,R,9/27/2020
Ahmed,Nick,200,74,R,R,9/27/2020
Akin,Keegan,225,72,L,L,9/27/2020
Akiyama,Shogo,182,72,L,R,9/27/2020
Alberto,Hanser,215,71,R,R,9/27/2020
Albies,Ozzie,165,68,B,R,9/27/2020
Alcala,Jorge,205,75,R,R,9/27/2020
Alcantara,Sergio,151,69,B,R,9/27/2020
Allard,Kolby,195,73,L,L,9/27/2020
Alonso,Pete,245,75,R,R,9/27/2020
Altavilla,Dan,226,71,R,R,9/27/2020
Altuve,Jose,166,66,R,R,9/27/2020
Alzolay,Adbert,208,73,R,R,9/27/2020
Anderson,Brett,230,76,L,L,9/27/2020
Anderson,Brian,208,75,R,R,9/27/2020
Anderson,Tim,185,73,R,R,9/27/2020
Antone,Tejay,230,76,R,R,9/27/2020
Aquino,Aristides,220,76,R,R,9/27/2020
Arauz,Jonathan,195,72,B,R,9/27/2020
Arcia,Orlando,187,72,R,R,9/27/2020
Armstrong,Shawn,225,74,R,R,9/27/2020
Arozarena,Randy,185,71,R,R,9/27/2020
Arraez,Luis,175,70,L,R,9/27/2020
Avila,Alex,210,71,L,R,9/27/2020
Bader,Harrison,210,72,R,R,9/27/2020
Baez,Javier,190,72,R,R,9/27/2020
Baez,Pedro,232,72,R,R,9/27/2020
Bard,Luke,200,75,R,R,9/27/2020
Barlow,Scott,215,75,R,R,9/27/2020
Barnes,Austin,187,70,R,R,9/27/2020
Barnes,Jacob,231,74,R,R,9/27/2020
Barnhart,Tucker,192,71,B,R,9/27/2020
Bart,Joey,238,74,R,R,9/27/2020
Bedrosian,Cam,225,73,R,R,9/27/2020
Bell,Josh,250,76,B,R,9/27/2020
Belt,Brandon,231,75,L,L,9/27/2020
Bemboom,Anthony,200,74,L,R,9/27/2020
Benjamin,Wes,210,74,R,L,9/27/2020
Berti,Jon,190,70,R,R,9/27/2020
Betances,Dellin,265,80,R,R,9/27/2020
Bichette,Bo,185,72,R,R,9/27/2020
Biggio,Cavan,200,74,L,R,9/27/2020
Bishop,Braden,178,73,R,R,9/27/2020
Blackmon,Charlie,221,75,L,L,9/27/2020
Bogaerts,Xander,218,74,R,R,9/27/2020
Bohm,Alec,218,77,R,R,9/27/2020
Bonifacio,Jorge,220,73,R,R,9/27/2020
Bote,David,205,73,R,R,9/27/2020
Brach,Brad,215,78,R,R,9/27/2020
Bradley,Jackie,196,70,L,R,9/27/2020
Brantley,Michael,209,74,L,L,9/27/2020
Braun,Ryan,205,74,R,R,9/27/2020
Bregman,Alex,192,72,R,R,9/27/2020
Brennan,Brandon,207,76,R,R,9/27/2020
Brinson,Lewis,212,77,R,R,9/27/2020
Brosseau,Mike,205,70,R,R,9/27/2020
Brubaker,JT,185,75,R,R,9/27/2020
Bruce,Jay,230,75,L,L,9/27/2020
Bryant,Kris,230,77,R,R,9/27/2020
Bumgarner,Madison,255,76,R,L,9/27/2020
Butera,Drew,212,73,R,R,9/27/2020
Cabrera,Genesis,180,74,L,L,9/27/2020
Cahill,Trevor,223,76,R,R,9/27/2020
Calhoun,Kole,210,70,L,L,9/27/2020
Calhoun,Willie,200,68,L,R,9/27/2020
Cameron,Daz,185,74,R,R,9/27/2020
Canha,Mark,209,74,R,R,9/27/2020
Cano,Robinson,212,72,L,R,9/27/2020
Caratini,Victor,215,73,B,R,9/27/2020
Carlson,Dylan,205,74,B,L,9/27/2020
Casali,Curt,220,74,R,R,9/27/2020
Castano,Daniel,231,75,L,L,9/27/2020
Castellanos,Nick,203,76,R,R,9/27/2020
Castro,Jason,215,75,L,R,9/27/2020
Cave,Jake,200,72,L,L,9/27/2020
Cederlind,Blake,215,76,R,R,9/27/2020
Chafin,Andrew,235,74,R,L,9/27/2020
Chavis,Michael,210,70,R,R,9/27/2020
Chirinos,Robinson,220,73,R,R,9/27/2020
Chisholm,Jazz,184,71,L,R,9/27/2020
Choo,Shin-Soo,205,71,L,L,9/27/2020
Cimber,Adam,195,75,R,R,9/27/2020
Clippard,Tyler,200,75,R,R,9/27/2020
Cole,A. J.,240,77,R,R,9/27/2020
Cordero,Franchy,226,75,L,R,9/27/2020
Cordero,Jimmy,235,76,R,R,9/27/2020
Cordell,Ryan,200,76,R,R,9/27/2020
Correa,Carlos,220,76,R,R,9/27/2020
Crawford,Brandon,223,73,L,R,9/27/2020
Crawford,J. P.,199,74,L,R,9/27/2020
Cronenworth,Jake,187,72,L,R,9/27/2020
Cruz,Nelson,230,74,R,R,9/27/2020
Dalbec,Bobby,227,76,R,R,9/27/2020
Davis,J. D.,218,75,R,R,9/27/2020
Davis,Jonathan,190,68,R,R,9/27/2020
Davis,Khris,205,71,R,R,9/27/2020
De Jong,Chase,230,76,L,R,9/27/2020
DeJong,Paul,205,72,R,R,9/27/2020
DeShields,Delino,190,69,R,R,9/27/2020
Devers,Rafael,240,72,L,R,9/27/2020
DÃ­az,Aledmys,195,73,R,R,9/27/2020
Diaz,Elias,223,73,R,R,9/27/2020
Dickerson,Alex,226,74,L,L,9/27/2020
Dickerson,Corey,200,73,L,R,9/27/2020
Diekman,Jake,195,76,L,L,9/27/2020
Dietrich,Derek,205,74,L,R,9/27/2020
Dixon,Brandon,215,74,R,R,9/27/2020
Doyle,Tommy,244,78,R,R,9/27/2020
Dozier,Hunter,220,76,R,R,9/27/2020
Drake,Oliver,220,76,R,R,9/27/2020
Dubon,Mauricio,173,72,R,R,9/27/2020
Duggar,Steven,187,73,L,R,9/27/2020
Duvall,Adam,215,73,R,R,9/27/2020
Edman,Tommy,180,70,B,R,9/27/2020
Eflin,Zach,220,78,R,R,9/27/2020
Encarnacion,Edwin,230,73,R,R,9/27/2020
Engel,Adam,220,74,R,R,9/27/2020
Escobar,Eduardo,185,70,B,R,9/27/2020
Espino,Paolo,215,70,R,R,9/27/2020
Familia,Jeurys,240,75,R,R,9/27/2020
Farmer,Buck,232,76,L,R,9/27/2020
Farmer,Kyle,205,72,R,R,9/27/2020
Fleming,Josh,220,74,R,L,9/27/2020
Fletcher,David,185,69,R,R,9/27/2020
Flores,Wilmer,213,74,R,R,9/27/2020
Flowers,Tyler,260,76,R,R,9/27/2020
Foster,Matt,210,72,R,R,9/27/2020
Fowler,Dexter,205,77,B,R,9/27/2020
Franco,Maikel,225,73,R,R,9/27/2020
France,Ty,217,71,R,R,9/27/2020
Frazier,Adam,185,70,L,R,9/27/2020
Frazier,Todd,220,75,R,R,9/27/2020
Freeland,Kyle,204,76,L,L,9/27/2020
Freeman,Freddie,220,77,L,R,9/27/2020
Fry,Jace,220,73,L,L,9/27/2020
Fry,Paul,205,72,L,L,9/27/2020
Fuentes,Josh,209,74,R,R,9/27/2020
Gallegos,Giovanny,215,74,R,R,9/27/2020
Gallo,Joey,250,77,L,R,9/27/2020
Galvis,Freddy,195,70,B,R,9/27/2020
Garcia,Avisail,250,76,R,R,9/27/2020
Garcia,Greg,200,72,L,R,9/27/2020
Garcia,Jarlin,210,75,L,L,9/27/2020
GarcÃ­a,JosÃ©,175,74,R,R,9/27/2020
Garcia,Luis,211,74,L,R,9/27/2020
Garcia,Luis,244,73,R,R,9/27/2020
Gardner,Brett,195,71,L,L,9/27/2020
Garneau,Dustin,205,74,R,R,9/27/2020
Garrett,Amir,239,77,R,L,9/27/2020
Garver,Mitch,220,73,R,R,9/27/2020
Gausman,Kevin,190,74,L,R,9/27/2020
Gerber,Joey,215,76,R,R,9/27/2020
Goldschmidt,Paul,220,75,R,R,9/27/2020
Gomber,Austin,220,77,L,L,9/27/2020
Gomes,Yan,215,74,R,R,9/27/2020
Gonzalez,Erik,210,75,R,R,9/27/2020
Gonzalez,Gio,205,72,R,L,9/27/2020
Gonzalez,Marwin,205,73,B,R,9/27/2020
Gonzales,Marco,197,73,L,L,9/27/2020
Gonzalez,Victor,180,72,L,L,9/27/2020
Goodrum,Niko,198,75,B,R,9/27/2020
Gordon,Alex,220,73,L,R,9/27/2020
Gosselin,Philip,188,73,R,R,9/27/2020
Goudeau,Ashton,210,78,R,R,9/27/2020
Gurriel,Yuli,215,72,R,R,9/27/2020
Grandal,Yasmani,230,74,B,R,9/27/2020
Graterol,Brusdar,265,73,R,R,9/27/2020
Gray,Sonny,195,70,R,R,9/27/2020
Greene,Shane,200,76,R,R,9/27/2020
Gregorius,Didi,205,75,L,R,9/27/2020
Grichuk,Randal,216,74,R,R,9/27/2020
Guerrero,Vladimir,250,74,R,R,9/27/2020
Guillorme,Luis,190,70,L,R,9/27/2020
Gurriel,Lourdes,215,76,R,R,9/27/2020
Guzman,Ronald,235,77,L,L,9/27/2020
Gyorko,Jedd,205,70,R,R,9/27/2020
Haase,Eric,210,70,R,R,9/27/2020
Hahn,Jesse,210,77,R,R,9/27/2020
Hamilton,Billy,155,72,B,R,9/27/2020
Hampson,Garrett,196,71,R,R,9/27/2020
Hand,Brad,215,75,L,L,9/27/2020
Harper,Bryce,210,75,L,R,9/27/2020
Harrison,Josh,190,68,R,R,9/27/2020
Hartlieb,Geoff,235,77,R,R,9/27/2020
Harvey,Hunter,210,75,R,R,9/27/2020
Haseley,Adam,190,73,L,L,9/27/2020
Hayes,Ke'Bryan,205,70,R,R,9/27/2020
Hays,Austin,205,72,R,R,9/27/2020
Hearn,Taylor,230,78,L,L,9/27/2020
Hechavarria,Adeiny,195,72,R,R,9/27/2020
Heredia,Guillermo,195,70,R,L,9/27/2020
Hernandez,Cesar,195,70,B,R,9/27/2020
Hernandez,Darwinzon,255,74,L,L,9/27/2020
Hernandez,Enrique,190,71,R,R,9/27/2020
Hernandez,Jonathan,190,75,R,R,9/27/2020
HernÃ¡ndez,Yadiel,185,69,L,R,9/27/2020
Heuer,Codi,190,77,R,R,9/27/2020
Hicks,Aaron,205,73,B,R,9/27/2020
Hill,Cam,200,73,R,R,9/27/2020
Hilliard,Sam,236,77,L,L,9/27/2020
Hill,Rich,221,77,L,L,9/27/2020
Hill,Tim,200,76,R,L,9/27/2020
Hirano,Yoshihisa,185,73,R,R,9/27/2020
Hiura,Keston,202,72,R,R,9/27/2020
Hoerner,Nico,200,73,R,R,9/27/2020
Holder,Jonathan,232,74,R,R,9/27/2020
Holt,Brock,180,68,L,R,9/27/2020
Houser,Adrian,222,75,R,R,9/27/2020
Hoyt,James,230,78,R,R,9/27/2020
Huff,Sam,240,77,R,R,9/27/2020
Hughes,Jared,240,79,R,R,9/27/2020
Iglesias,Raisel,190,74,R,R,9/27/2020
Inciarte,Ender,190,71,L,L,9/27/2020
Jackson,Luke,210,74,R,R,9/27/2020
Jansen,Danny,225,74,R,R,9/27/2020
Jansen,Kenley,265,77,B,R,9/27/2020
Jimenez,Joe,272,75,R,R,9/27/2020
Jones,Jahmai,204,72,R,R,9/27/2020
Joyce,Matthew,194,74,L,R,9/27/2020
Judge,Aaron,282,79,R,R,9/27/2020
Karinchak,James,215,75,R,R,9/27/2020
Kelly,Carson,210,74,R,R,9/27/2020
Kemp,Tony,160,66,L,R,9/27/2020
Kepler,Max,225,76,L,L,9/27/2020
Kickham,Mike,220,76,L,L,9/27/2020
Kiner-Falefa,Isiah,190,71,R,R,9/27/2020
Kingery,Scott,180,70,R,R,9/27/2020
Kipnis,Jason,200,71,L,R,9/27/2020
Knapp,Andrew,189,73,B,R,9/27/2020
Kolarek,Adam,215,75,L,L,9/27/2020
Lakins,Travis,215,73,R,R,9/27/2020
Lamb,Jake,215,75,L,R,9/27/2020
La Stella,Tommy,180,71,L,R,9/27/2020
Laureano,Ramon,203,71,R,R,9/27/2020
LeMahieu,DJ,220,76,R,R,9/27/2020
Lewis,Kyle,205,76,R,R,9/27/2020
Lindor,Francisco,190,71,B,R,9/27/2020
Lin,Tzu-Wei,180,69,L,R,9/27/2020
Locastro,Tim,195,73,R,R,9/27/2020
Longoria,Evan,213,73,R,R,9/27/2020
Lopes,Tim,180,71,R,R,9/27/2020
Lopez,Nicky,175,71,L,R,9/27/2020
Lopez,Reynaldo,220,73,R,R,9/27/2020
LÃ³pez,Yoan,205,75,R,R,9/27/2020
Lorenzen,Michael,220,75,R,R,9/27/2020
Loup,Aaron,210,71,L,L,9/27/2020
Lowe,Brandon,185,70,L,R,9/27/2020
Lowe,Nate,220,76,L,R,9/27/2020
Lugo,Seth,225,76,R,R,9/27/2020
Luplow,Jordan,195,73,R,R,9/27/2020
Lux,Gavin,190,74,L,R,9/27/2020
Lyles,Jordan,230,77,R,R,9/27/2020
Machado,Manny,218,75,R,R,9/27/2020
Madrigal,Nick,175,68,R,R,9/27/2020
Markakis,Nick,210,73,L,L,9/27/2020
Marmolejos,Jose,239,74,L,L,9/27/2020
Marquez,Brailyn,185,76,L,L,9/27/2020
Marte,Ketel,210,73,B,R,9/27/2020
Marte,Starling,195,73,R,R,9/27/2020
Martin,Brett,200,76,L,L,9/27/2020
Martin,Chris,225,80,R,R,9/27/2020
Martinez,J. D.,230,75,R,R,9/27/2020
Mateo,Jorge,182,72,R,R,9/27/2020
Mathisen,Wyatt,210,72,R,R,9/27/2020
Maton,Phil,206,76,R,R,9/27/2020
Matz,Steven,201,74,R,L,9/27/2020
Maybin,Cameron,215,75,R,R,9/27/2020
May,Dustin,180,78,R,R,9/27/2020
Mayfield,Jack,190,71,R,R,9/27/2020
May,Trevor,240,77,R,R,9/27/2020
Mazara,Nomar,215,76,L,L,9/27/2020
McBroom,Ryan,225,75,R,L,9/27/2020
McCutchen,Andrew,195,71,R,R,9/27/2020
McGowin,Kyle,195,75,R,R,9/27/2020
McMahon,Ryan,219,74,L,R,9/27/2020
Melancon,Mark,215,73,R,R,9/27/2020
Mercado,Oscar,197,74,R,R,9/27/2020
Merrifield,Whit,195,73,R,R,9/27/2020
Milner,Hoby,175,75,L,L,9/27/2020
Molina,Yadier,225,71,R,R,9/27/2020
Moncada,Yoan,225,74,B,R,9/27/2020
Mondesi,Adalberto,200,73,B,R,9/27/2020
Montas,Frankie,255,74,R,R,9/27/2020
Montero,Rafael,190,72,R,R,9/27/2020
Moran,Colin,200,76,L,R,9/27/2020
MorejÃ³n,AdriÃ¡n,224,71,L,L,9/27/2020
Moreland,Mitch,245,75,L,L,9/27/2020
Mountcastle,Ryan,210,75,R,R,9/27/2020
Moustakas,Mike,225,72,L,R,9/27/2020
Mujica,Jose,249,74,R,R,9/27/2020
Mullins,Cedric,175,68,B,L,9/27/2020
Muncy,Max,215,72,L,R,9/27/2020
Murphy,Patrick,235,77,R,R,9/27/2020
Murphy,Sean,228,75,R,R,9/27/2020
Myers,Wil,207,75,R,R,9/27/2020
Naylor,Josh,250,71,L,L,9/27/2020
Nelson,Nick,205,73,R,R,9/27/2020
Neris,Hector,227,74,R,R,9/27/2020
Nimmo,Brandon,206,75,L,R,9/27/2020
Nola,Aaron,200,74,R,R,9/27/2020
Nola,Austin,197,72,R,R,9/27/2020
Noll,Jake,215,74,R,R,9/27/2020
Norris,Daniel,185,74,L,L,9/27/2020
Nottingham,Jacob,220,74,R,R,9/27/2020
Nunez,Renato,220,73,R,R,9/27/2020
O'Day,Darren,220,76,R,R,9/27/2020
Odom,Joseph,215,74,R,R,9/27/2020
Odor,Rougned,200,71,L,R,9/27/2020
Ohtani,Shohei,210,76,L,R,9/27/2020
Olivares,Edward,188,74,R,R,9/27/2020
Olson,Matt,225,77,L,R,9/27/2020
O'Neill,Tyler,200,71,R,R,9/27/2020
Orf,Nate,181,68,R,R,9/27/2020
Osuna,Jose,235,74,R,R,9/27/2020
Ozuna,Marcell,225,73,R,R,9/27/2020
Pagan,Emilio,208,74,L,R,9/27/2020
Panik,Joe,205,73,L,R,9/27/2020
Paredes,Isaac,213,71,R,R,9/27/2020
Pederson,Joc,220,73,L,L,9/27/2020
Peralta,Freddy,199,71,R,R,9/27/2020
Perez,Michael,195,70,L,R,9/27/2020
Perez,Oliver,225,75,L,L,9/27/2020
Perez,Roberto,220,71,R,R,9/27/2020
Perez,Salvador,250,75,R,R,9/27/2020
Peterson,Jace,215,72,L,R,9/27/2020
Petit,Yusmeiro,252,73,R,R,9/27/2020
Pham,Tommy,223,73,R,R,9/27/2020
Phillips,Brett,195,72,L,R,9/27/2020
Pinder,Chad,210,74,R,R,9/27/2020
Piscotty,Stephen,211,76,R,R,9/27/2020
Pivetta,Nick,214,77,R,R,9/27/2020
Plawecki,Kevin,208,74,R,R,9/27/2020
Polanco,Jorge,208,71,B,R,9/27/2020
Pollock,AJ,210,73,R,R,9/27/2020
Profar,Jurickson,184,72,B,R,9/27/2020
Puello,Cesar,220,74,R,R,9/27/2020
Quantrill,Cal,195,75,L,R,9/27/2020
Quinn,Roman,175,70,B,R,9/27/2020
Quintana,Jose,220,73,R,L,9/27/2020
Ramirez,Jose,190,69,B,R,9/27/2020
Ramirez,Yohan,190,76,R,R,9/27/2020
Ramos,Wilson,245,73,R,R,9/27/2020
Realmuto,J. T.,212,73,R,R,9/27/2020
Reddick,Josh,197,74,L,R,9/27/2020
Renfroe,Hunter,230,73,R,R,9/27/2020
Reyes,Alex,220,76,R,R,9/27/2020
Reyes,Franmil,265,77,R,R,9/27/2020
Reyes,Victor,194,77,B,R,9/27/2020
Reynolds,Bryan,205,75,B,R,9/27/2020
Riddle,JT,190,73,L,R,9/27/2020
Rios,Edwin,220,75,L,R,9/27/2020
Roark,Tanner,238,74,R,R,9/27/2020
Robert,Luis,210,74,R,R,9/27/2020
Robles,Hansel,220,72,R,R,9/27/2020
Robles,Victor,205,72,R,R,9/27/2020
Rodon,Carlos,250,75,L,L,9/27/2020
Rodriguez,Nivaldo,214,73,R,R,9/27/2020
Rogers,Tyler,181,75,R,R,9/27/2020
Romero,JoJo,200,72,L,L,9/27/2020
Romo,Sergio,185,71,R,R,9/27/2020
Rosario,Amed,190,74,R,R,9/27/2020
Rosario,Eddie,180,73,L,R,9/27/2020
Rosenthal,Trevor,230,74,R,R,9/27/2020
Ruf,Darin,232,74,R,R,9/27/2020
Ruiz,Rio,210,73,L,R,9/27/2020
Sanchez,Gary,230,74,R,R,9/27/2020
Sandoval,Pablo,268,70,B,R,9/27/2020
Sandoval,Patrick,190,75,L,L,9/27/2020
Sano,Miguel,272,76,R,R,9/27/2020
Santana,Carlos,210,71,B,R,9/27/2020
Schmidt,Clarke,200,73,R,R,9/27/2020
Schwarber,Kyle,225,72,L,R,9/27/2020
Seager,Corey,215,76,L,R,9/27/2020
Seager,Kyle,216,72,L,R,9/27/2020
Segura,Jean,220,70,R,R,9/27/2020
Selman,Sam,198,74,R,L,9/27/2020
Semien,Marcus,195,72,R,R,9/27/2020
Senzel,Nick,205,73,R,R,9/27/2020
Shaw,Travis,230,76,L,R,9/27/2020
Sherriff,Ryan,190,73,L,L,9/27/2020
Shreve,Chasen,195,76,L,L,9/27/2020
Sierra,Magneuris,178,71,L,L,9/27/2020
Sims,Lucas,225,74,R,R,9/27/2020
Singer,Brady,210,77,R,R,9/27/2020
Sisco,Chance,195,74,L,R,9/27/2020
Skubal,Tarik,215,75,L,L,9/27/2020
Slater,Austin,204,73,R,R,9/27/2020
Smith,Caleb,206,72,R,L,9/27/2020
Smith,Kevan,230,76,R,R,9/27/2020
Smith,Pavin,210,74,L,L,9/27/2020
Smith,Riley,175,73,R,R,9/27/2020
Smith,Will,255,77,R,L,9/27/2020
Smith,Will,195,70,R,R,9/27/2020
Smyly,Drew,188,74,L,L,9/27/2020
Sogard,Eric,180,70,L,R,9/27/2020
Solak,Nick,185,71,R,R,9/27/2020
Solano,Donovan,210,68,R,R,9/27/2020
Soto,Elliot,160,69,R,R,9/27/2020
Soto,Juan,220,73,L,L,9/27/2020
Springer,George,221,75,R,R,9/27/2020
Stevenson,Andrew,192,72,L,L,9/27/2020
Stewart,Christin,220,72,L,R,9/27/2020
Stewart,DJ,230,72,L,R,9/27/2020
Story,Trevor,213,74,R,R,9/27/2020
Strahm,Matt,190,74,R,L,9/27/2020
Straw,Myles,178,70,R,R,9/27/2020
Suarez,Eugenio,213,71,R,R,9/27/2020
Susac,Andrew,220,73,R,R,9/27/2020
Swanson,Dansby,190,73,R,R,9/27/2020
Tapia,Raimel,175,75,L,L,9/27/2020
Tatis,Fernando,217,75,R,R,9/27/2020
Taveras,Leody,195,74,B,R,9/27/2020
Taylor,Chris,196,73,R,R,9/27/2020
Taylor,Michael,215,76,R,R,9/27/2020
Taylor,Tyrone,194,72,R,R,9/27/2020
Tejeda,Anderson,200,72,B,R,9/27/2020
Thielbar,Caleb,205,72,R,L,9/27/2020
Tomlin,Josh,190,73,R,R,9/27/2020
Topa,Justin,200,76,R,R,9/27/2020
Toro,Abraham,206,72,B,R,9/27/2020
Torres,Gleyber,205,73,R,R,9/27/2020
Treinen,Blake,225,77,R,R,9/27/2020
Trivino,Lou,235,77,R,R,9/27/2020
Tsutsugo,Yoshi,225,73,L,R,9/27/2020
Tucker,Kyle,199,76,L,R,9/27/2020
Turley,Nik,235,76,L,L,9/27/2020
Turner,Justin,202,71,R,R,9/27/2020
Turner,Trea,185,74,R,R,9/27/2020
Underwood,Duane,210,74,R,R,9/27/2020
Upton,Justin,215,73,R,R,9/27/2020
Urena,Jose,208,74,R,R,9/27/2020
Urias,Luis,186,69,R,R,9/27/2020
Urshela,Gio,215,72,R,R,9/27/2020
Valaika,Pat,210,71,R,R,9/27/2020
Valdez,Cesar,200,74,R,R,9/27/2020
VanMeter,Josh,190,71,L,R,9/27/2020
Varsho,Daulton,205,70,L,R,9/27/2020
Villar,Jonathan,233,72,B,R,9/27/2020
Vogelbach,Dan,270,72,L,R,9/27/2020
Voit,Luke,255,75,R,R,9/27/2020
Voth,Austin,210,74,R,R,9/27/2020
Votto,Joey,220,74,L,R,9/27/2020
Wade,Tyler,188,73,L,R,9/27/2020
Walker,Christian,210,72,R,R,9/27/2020
Wallach,Chad,246,74,R,R,9/27/2020
Walsh,Jared,210,72,L,L,9/27/2020
Ward,Taylor,200,73,R,R,9/27/2020
Webb,Logan,220,73,R,R,9/27/2020
Weber,Ryan,175,73,R,R,9/27/2020
Wendle,Joey,195,73,L,R,9/27/2020
White,Eli,195,75,R,R,9/27/2020
White,Evan,220,75,R,L,9/27/2020
Wilson,Bryse,225,74,R,R,9/27/2020
Winker,Jesse,215,75,L,L,9/27/2020
Wisler,Matt,215,75,R,R,9/27/2020
Wittgren,Nick,216,74,R,R,9/27/2020
Wolters,Tony,207,70,L,R,9/27/2020
Wong,Kolten,185,67,L,R,9/27/2020
Yamaguchi,Shun,225,74,R,R,9/27/2020
Yardley,Eric,170,72,R,R,9/27/2020
Yastrzemski,Mike,178,70,L,L,9/27/2020
Yelich,Christian,195,75,L,R,9/27/2020
Zimmermann,Jordan,225,74,R,R,9/27/2020
Acuna,Ronald,205,72,R,R,9/26/2020
Adames,Willy,210,72,R,R,9/26/2020
Adam,Jason,229,75,R,R,9/26/2020
Alfaro,Jorge,230,75,R,R,9/26/2020
Allen,Logan,220,75,R,L,9/26/2020
Anderson,Chase,210,73,R,R,9/26/2020
Anderson,Shaun,228,76,R,R,9/26/2020
Arroyo,Christian,210,73,R,R,9/26/2020
Bass,Anthony,200,74,R,R,9/26/2020
Bellinger,Cody,203,76,L,L,9/26/2020
Betts,Mookie,180,69,R,R,9/26/2020
Bielak,Brandon,208,74,L,R,9/26/2020
Blackburn,Paul,196,73,R,R,9/26/2020
Bleier,Richard,215,75,L,L,9/26/2020
Boyd,Matt,234,75,L,L,9/26/2020
Bracho,Silvino,190,70,R,R,9/26/2020
Brice,Austin,238,76,R,R,9/26/2020
Brogdon,Connor,205,78,R,R,9/26/2020
Bummer,Aaron,215,75,L,L,9/26/2020
Cabrera,Miguel,249,76,R,R,9/26/2020
Carpenter,Matt,210,76,L,R,9/26/2020
Castillo,Diego,250,75,R,R,9/26/2020
Castillo,Luis,200,74,R,R,9/26/2020
Castro,Harold,151,70,L,R,9/26/2020
Castro,Miguel,205,79,R,R,9/26/2020
Castro,Willi,170,73,B,R,9/26/2020
Chavez,Jesse,175,73,R,R,9/26/2020
Cisnero,Jose,245,75,R,R,9/26/2020
Civale,Aaron,215,74,R,R,9/26/2020
Colome,Alex,225,73,R,R,9/26/2020
Contreras,Willson,225,73,R,R,9/26/2020
Cooper,Garrett,235,77,R,R,9/26/2020
Crochet,Garrett,218,78,L,L,9/26/2020
Cueto,Johnny,229,71,R,R,9/26/2020
Curtiss,John,220,77,R,R,9/26/2020
d'Arnaud,Travis,210,74,R,R,9/26/2020
Davidson,Tucker,215,74,L,L,9/26/2020
Davies,Zach,180,72,R,R,9/26/2020
Dayton,Grant,210,74,L,L,9/26/2020
deGrom,Jacob,180,76,L,R,9/26/2020
DeSclafani,Anthony,200,73,R,R,9/26/2020
Diaz,Edwin,195,75,R,R,9/26/2020
Diaz,Jairo,254,72,R,R,9/26/2020
Duffey,Tyler,220,75,R,R,9/26/2020
Dunning,Dane,225,76,R,R,9/26/2020
Dunn,Justin,185,74,R,R,9/26/2020
Ervin,Phil,207,70,R,R,9/26/2020
Evans,Demarcus,265,77,R,R,9/26/2020
Fairbanks,Pete,225,78,R,R,9/26/2020
Frazier,Clint,212,71,R,R,9/26/2020
Freeman,Mike,195,72,L,R,9/26/2020
Garcia,Bryan,215,73,R,R,9/26/2020
Garcia,Deivi,163,69,R,R,9/26/2020
Gibson,Kyle,215,78,R,R,9/26/2020
Gimenez,Andres,161,71,L,R,9/26/2020
Gonsolin,Tony,205,75,R,R,9/26/2020
Goodwin,Brian,200,72,L,R,9/26/2020
Strange-Gordon,Dee,166,71,L,R,9/26/2020
Graveman,Kendall,200,74,R,R,9/26/2020
Grisham,Trent,224,71,L,L,9/26/2020
Grossman,Robbie,216,72,B,L,9/26/2020
Hader,Josh,180,75,L,L,9/26/2020
Happ,Ian,205,72,B,R,9/26/2020
Harrison,Monte,225,75,R,R,9/26/2020
Harris,Will,240,76,R,R,9/26/2020
Heath,Nick,190,73,L,L,9/26/2020
Hedges,Austin,223,73,R,R,9/26/2020
Heim,Jonah,220,76,B,R,9/26/2020
Heineman,Tyler,199,70,B,R,9/26/2020
Helsley,Ryan,230,74,R,R,9/26/2020
Hendriks,Liam,230,72,R,R,9/26/2020
Herget,Jimmy,170,75,R,R,9/26/2020
Hernandez,Carlos,250,76,R,R,9/26/2020
Hernandez,Teoscar,205,74,R,R,9/26/2020
Heyward,Jason,240,77,L,L,9/26/2020
Hill,Derek,190,74,R,R,9/26/2020
Hosmer,Eric,226,76,L,L,9/26/2020
Houck,Tanner,230,77,R,R,9/26/2020
Hudson,Daniel,215,75,R,R,9/26/2020
Iglesias,JosÃ©,195,71,R,R,9/26/2020
Jay,Jon,200,71,L,L,9/26/2020
Jeffers,Ryan,235,76,R,R,9/26/2020
Jeffress,Jeremy,205,72,R,R,9/26/2020
Kaprielian,James,225,75,R,R,9/26/2020
Kelly,Joe,174,73,R,R,9/26/2020
Kiermaier,Kevin,210,73,L,R,9/26/2020
Kimbrel,Craig,215,71,R,R,9/26/2020
Kinley,Tyler,220,76,R,R,9/26/2020
Kirk,Alejandro,265,68,R,R,9/26/2020
Lester,Jon,240,76,L,L,9/26/2020
Lockett,Walker,225,77,R,R,9/26/2020
Machin,Vimael,185,71,L,R,9/26/2020
Margot,Manuel,180,71,R,R,9/26/2020
Marquez,German,230,73,R,R,9/26/2020
Marshall,Evan,235,74,R,R,9/26/2020
Mathis,Jeff,205,72,R,R,9/26/2020
Matzek,Tyler,230,75,L,L,9/26/2020
McCann,James,220,75,R,R,9/26/2020
McCullers,Lance,202,73,L,R,9/26/2020
McFarland,T. J.,200,75,L,L,9/26/2020
McKenzie,Triston,165,77,R,R,9/26/2020
McNeil,Jeff,195,73,L,R,9/26/2020
Means,John,230,75,L,L,9/26/2020
Mella,Keury,230,74,R,R,9/26/2020
Miller,Andrew,200,79,L,L,9/26/2020
Miller,Brad,195,74,L,R,9/26/2020
Minor,Mike,210,76,R,L,9/26/2020
Minter,A. J.,215,72,L,L,9/26/2020
Montgomery,Mike,220,77,L,L,9/26/2020
Murphy,Daniel,223,73,L,R,9/26/2020
Musgrove,Joe,235,77,R,R,9/26/2020
Naquin,Tyler,195,74,L,R,9/26/2020
Narvaez,Omar,220,71,L,R,9/26/2020
Neverauskas,Dovydas,225,75,R,R,9/26/2020
Newberry,Jake,205,74,R,R,9/26/2020
O'Hearn,Ryan,220,75,L,L,9/26/2020
Oliva,Jared,195,74,R,R,9/26/2020
Ottavino,Adam,246,77,B,R,9/26/2020
Peralta,David,220,73,L,L,9/26/2020
Peralta,Wandy,217,72,L,L,9/26/2020
Pillar,Kevin,200,72,R,R,9/26/2020
Pineda,Michael,280,79,R,R,9/26/2020
Polanco,Gregory,235,77,L,L,9/26/2020
Porcello,Rick,205,77,R,R,9/26/2020
Pujols,Albert,235,75,R,R,9/26/2020
Ramirez,Erasmo,220,72,R,R,9/26/2020
Ramirez,Noe,205,75,R,R,9/26/2020
Richards,Garrett,210,74,R,R,9/26/2020
Rizzo,Anthony,240,75,L,L,9/26/2020
Rogers,Taylor,190,75,L,L,9/26/2020
Rogers,Trevor,217,77,L,L,9/26/2020
Rojas,Miguel,188,72,R,R,9/26/2020
Romine,Austin,216,73,R,R,9/26/2020
Rondon,Hector,225,75,R,R,9/26/2020
Sadler,Casey,205,75,R,R,9/26/2020
Sanchez,Anibal,205,72,R,R,9/26/2020
Scherzer,Max,215,75,R,R,9/26/2020
Scott,Tanner,220,74,R,L,9/26/2020
Scrubb,Andre,270,76,R,R,9/26/2020
Severino,Pedro,220,73,R,R,9/26/2020
Sheffield,Justus,195,70,L,L,9/26/2020
Slegers,Aaron,260,82,R,R,9/26/2020
Smith,Dominic,239,72,L,L,9/26/2020
Sneed,Cy,213,76,R,R,9/26/2020
Soria,Joakim,208,75,R,R,9/26/2020
Stallings,Jacob,76,77,R,R,9/26/2020
Stammen,Craig,228,74,R,R,9/26/2020
Stanek,Ryne,226,76,R,R,9/26/2020
Stanton,Giancarlo,245,78,R,R,9/26/2020
Stashak,Cody,180,74,R,R,9/26/2020
Stassi,Max,200,70,R,R,9/26/2020
Staumont,Josh,205,75,R,R,9/26/2020
Stephenson,Robert,205,75,R,R,9/26/2020
Stripling,Ross,220,75,R,R,9/26/2020
Suero,Wander,211,76,R,R,9/26/2020
Sulser,Cole,190,73,R,R,9/26/2020
Suzuki,Kurt,210,71,R,R,9/26/2020
Tarpley,Stephen,202,72,R,L,9/26/2020
Teheran,Julio,205,74,R,R,9/26/2020
Tepera,Ryan,195,73,R,R,9/26/2020
Torrens,Luis,208,72,R,R,9/26/2020
Triggs,Andrew,233,76,R,R,9/26/2020
Tropeano,Nick,205,76,R,R,9/26/2020
Urias,Ramon,180,71,R,R,9/26/2020
Valdez,Phillips,160,74,R,R,9/26/2020
Vazquez,Christian,205,69,R,R,9/26/2020
Verdugo,Alex,192,72,L,L,9/26/2020
Vincent,Nick,185,70,R,R,9/26/2020
Wainwright,Adam,230,79,R,R,9/26/2020
Watson,Tony,224,75,L,L,9/26/2020
Weaver,Luke,185,74,R,R,9/26/2020
Webb,Jacob,210,74,R,R,9/26/2020
Webb,Tyler,240,77,L,L,9/26/2020
Weems,Jordan,175,75,L,R,9/26/2020
Wheeler,Zach,195,76,L,R,9/26/2020
Widener,Taylor,230,72,L,R,9/26/2020
Winkler,Dan,205,75,R,R,9/26/2020
Wisdom,Patrick,220,74,R,R,9/26/2020
Wood,Alex,215,76,R,L,9/26/2020
Woodruff,Brandon,243,76,L,R,9/26/2020
Yajure,Miguel,175,73,R,R,9/26/2020
Yarbrough,Ryan,205,77,R,L,9/26/2020
Zeuch,T. J.,245,79,R,R,9/26/2020
Zuber,Tyler,175,71,R,R,9/26/2020
Zunino,Mike,235,74,R,R,9/26/2020
Alcantara,Sandy,200,77,R,R,9/25/2020
Almonte,Yency,223,77,B,R,9/25/2020
Anderson,Nick,205,76,R,R,9/25/2020
Anderson,Tyler,213,74,L,L,9/25/2020
Andriese,Matt,215,74,R,R,9/25/2020
Baragar,Caleb,215,75,R,L,9/25/2020
Barnes,Matt,208,76,R,R,9/25/2020
Bassitt,Chris,217,77,R,R,9/25/2020
Bergen,Travis,215,73,L,L,9/25/2020
Berrios,Jose,205,72,R,R,9/25/2020
Borucki,Ryan,215,76,L,L,9/25/2020
Boxberger,Brad,211,70,R,R,9/25/2020
Brasier,Ryan,227,72,R,R,9/25/2020
Britton,Zack,200,73,L,L,9/25/2020
Buttrey,Ty,240,78,L,R,9/25/2020
Buxton,Byron,190,74,R,R,9/25/2020
Carrasco,Carlos,224,76,R,R,9/25/2020
Cease,Dylan,200,74,R,R,9/25/2020
Chapman,Aroldis,218,76,L,L,9/25/2020
Clarke,Taylor,220,76,R,R,9/25/2020
Claudio,Alex,188,75,L,L,9/25/2020
Cody,Kyle,225,79,R,R,9/25/2020
Colina,Edwar,240,71,R,R,9/25/2020
Coonrod,Sam,225,73,R,R,9/25/2020
Crichton,Stefan,205,75,R,R,9/25/2020
Darvish,Yu,220,77,R,R,9/25/2020
Donaldson,Josh,210,73,R,R,9/25/2020
Duffy,Danny,185,75,L,L,9/25/2020
Eshelman,Thomas,210,75,R,R,9/25/2020
Estevez,Carlos,277,78,R,R,9/25/2020
Feyereisen,J. P.,215,74,R,R,9/25/2020
Flaherty,Jack,225,76,R,R,9/25/2020
Floro,Dylan,203,74,L,R,9/25/2020
Gallen,Zac,198,74,R,R,9/25/2020
Gant,John,200,76,R,R,9/25/2020
Garcia,Yimi,228,74,R,R,9/25/2020
Green,Chad,215,75,L,R,9/25/2020
Happ,J. A.,205,77,L,L,9/25/2020
Hatch,Tom,205,73,R,R,9/25/2020
Healy,Ryon,230,76,R,R,9/25/2020
Heaney,Andrew,200,74,L,L,9/25/2020
Higashioka,Kyle,202,73,R,R,9/25/2020
Hoffman,Jeff,215,77,R,R,9/25/2020
Howard,Sam,200,76,R,L,9/25/2020
Hunter,Tommy,250,75,R,R,9/25/2020
Junis,Jakob,220,75,R,R,9/25/2020
Keller,Brad,250,77,R,R,9/25/2020
Keller,Mitch,205,74,R,R,9/25/2020
Kemp,Matt,225,76,R,R,9/25/2020
Kershaw,Clayton,225,76,L,L,9/25/2020
Kikuchi,Yusei,200,72,L,L,9/25/2020
King,John,215,74,L,L,9/25/2020
Kintzler,Brandon,200,70,R,R,9/25/2020
Kline,Branden,210,75,R,R,9/25/2020
Lamet,Dinelson,228,75,R,R,9/25/2020
Lauer,Eric,228,75,R,L,9/25/2020
Leon,Sandy,235,70,B,R,9/25/2020
Lindblom,Josh,240,76,R,R,9/25/2020
Loaisiga,Jonathan,165,71,R,R,9/25/2020
Lopez,Jorge,205,74,R,R,9/25/2020
Mahle,Tyler,210,75,R,R,9/25/2020
Maldonado,Martin,230,72,R,R,9/25/2020
Mayers,Mike,220,74,R,R,9/25/2020
Mazza,Chris,190,76,R,R,9/25/2020
McGee,Jake,229,76,L,L,9/25/2020
Miley,Wade,220,74,L,L,9/25/2020
Misiewicz,Anthony,200,73,R,L,9/25/2020
Morgan,Adam,200,73,L,L,9/25/2020
Morton,Charlie,215,77,R,R,9/25/2020
Paddack,Chris,217,77,R,R,9/25/2020
Paredes,Enoli,171,71,R,R,9/25/2020
Patino,Luis,192,73,R,R,9/25/2020
Pearson,Nate,250,78,R,R,9/25/2020
Pena,Felix,220,74,R,R,9/25/2020
Plutko,Adam,215,75,R,R,9/25/2020
Pomeranz,Drew,246,77,R,L,9/25/2020
Ponce de Leon,Daniel,200,75,R,R,9/25/2020
Pressly,Ryan,206,74,R,R,9/25/2020
Raley,Brooks,200,75,L,L,9/25/2020
Ramos,AJ,200,70,R,R,9/25/2020
Rasmussen,Drew,211,73,R,R,9/25/2020
Ravelo,Rangel,235,73,R,R,9/25/2020
Rendon,Anthony,200,73,R,R,9/25/2020
Rengifo,Luis,195,70,B,R,9/25/2020
Riley,Austin,240,75,R,R,9/25/2020
Robertson,Daniel,210,73,R,R,9/25/2020
Romine,Andrew,190,73,B,R,9/25/2020
Samardzija,Jeff,233,76,R,R,9/25/2020
Sanchez,Carlos,205,68,B,R,9/25/2020
Santos,Antonio,223,75,R,R,9/25/2020
Senzatela,Antonio,236,73,R,R,9/25/2020
Springs,Jeffrey,218,75,L,L,9/25/2020
Stratton,Chris,210,74,R,R,9/25/2020
Suter,Brent,213,76,L,L,9/25/2020
Swanson,Erik,220,75,R,R,9/25/2020
Tauchman,Mike,220,74,L,L,9/25/2020
Taylor,Blake,220,75,L,L,9/25/2020
Thompson,Ryan,210,77,R,R,9/25/2020
Tinoco,Jesus,258,76,R,R,9/25/2020
Trout,Mike,235,74,R,R,9/25/2020
Turnbull,Spencer,211,75,R,R,9/25/2020
Urquidy,Jose,217,72,R,R,9/25/2020
Velasquez,Vince,212,75,R,R,9/25/2020
Vogt,Stephen,211,72,L,R,9/25/2020
Wade,LaMonte,205,73,L,L,9/25/2020
Walker,Taijuan,235,76,R,R,9/25/2020
Whitley,Kodi,220,75,R,R,9/25/2020
Wieters,Matt,235,77,B,R,9/25/2020
Williams,Devin,200,74,R,R,9/25/2020
Wright,Kyle,215,76,R,R,9/25/2020
Alexander,Tyler,200,74,R,L,9/24/2020
Anderson,Ian,170,75,R,R,9/24/2020
Apostel,Sherten,235,76,R,R,9/24/2020
Bard,Daniel,197,76,R,R,9/24/2020
Black,Ray,230,75,R,R,9/24/2020
Bubic,Kris,220,75,L,L,9/24/2020
Buehler,Walker,185,74,R,R,9/24/2020
Burnes,Corbin,225,75,R,R,9/24/2020
Candelario,Jeimer,221,73,B,R,9/24/2020
Cobb,Alex,205,75,R,R,9/24/2020
Corbin,Patrick,210,75,L,L,9/24/2020
Covey,Dylan,215,73,R,R,9/24/2020
Dolis,Rafael,235,76,R,R,9/24/2020
Dyson,Jarrod,165,69,L,R,9/24/2020
Fiers,Mike,211,74,R,R,9/24/2020
Finnegan,Kyle,200,74,R,R,9/24/2020
Fulmer,Michael,246,75,R,R,9/24/2020
Givens,Mychal,230,72,R,R,9/24/2020
Gonzalez,Chi Chi,210,75,R,R,9/24/2020
Holaday,Bryan,215,72,R,R,9/24/2020
Javier,Cristian,213,73,R,R,9/24/2020
Jimenez,Eloy,235,76,R,R,9/24/2020
Keuchel,Dallas,220,74,L,L,9/24/2020
Kim,Kwang Hyun,195,74,L,L,9/24/2020
Knebel,Corey,224,75,R,R,9/24/2020
Kuhl,Chad,215,75,R,R,9/24/2020
Lopez,Pablo,225,76,L,R,9/24/2020
Luzardo,Jesus,218,72,L,L,9/24/2020
Lynn,Lance,250,77,B,R,9/24/2020
Martinez,Jose,215,78,R,R,9/24/2020
Mills,Alec,205,76,R,R,9/24/2020
Montgomery,Jordan,228,78,L,L,9/24/2020
Murphy,J. R.,200,71,R,R,9/24/2020
Perez,Martin,200,72,L,L,9/24/2020
Peterson,David,240,78,L,L,9/24/2020
Plesac,Zach,220,75,R,R,9/24/2020
Ryan,Kyle,215,77,L,L,9/24/2020
Ryu,Hyun Jin,255,75,R,L,9/24/2020
Soler,Jorge,235,76,R,R,9/24/2020
Soto,Gregory,236,73,L,L,9/24/2020
Tapia,Domingo,263,75,R,R,9/24/2020
Thames,Eric,235,71,L,R,9/24/2020
Wilson,Justin,205,74,L,L,9/24/2020
Barria,Jaime,210,73,R,R,9/23/2020
Bauer,Trevor,205,73,R,R,9/23/2020
Bieber,Shane,200,75,R,R,9/23/2020
Blewett,Scott,245,78,R,R,9/23/2020
Cabrera,Asdrubal,205,72,B,R,9/23/2020
Castellani,Ryan,218,76,R,R,9/23/2020
Cessa,Luis,208,72,R,R,9/23/2020
Clevinger,Mike,215,76,R,R,9/23/2020
Conforto,Michael,215,73,L,R,9/23/2020
Davis,Austin,225,76,L,L,9/23/2020
Elledge,Seth,240,75,R,R,9/23/2020
Eovaldi,Nathan,217,74,R,R,9/23/2020
Fedde,Erick,200,76,R,R,9/23/2020
Fried,Max,190,76,L,L,9/23/2020
Gallagher,Cam,230,75,R,R,9/23/2020
Garcia,Rony,200,75,R,R,9/23/2020
Giolito,Lucas,245,78,R,R,9/23/2020
Glasnow,Tyler,225,80,L,R,9/23/2020
Goody,Nick,200,71,R,R,9/23/2020
Greinke,Zack,200,74,R,R,9/23/2020
Harper,Ryne,215,75,R,R,9/23/2020
Hendricks,Kyle,190,75,R,R,9/23/2020
Johnson,Pierce,202,74,R,R,9/23/2020
Kratz,Erik,250,76,R,R,9/23/2020
Kremer,Dean,185,75,R,R,9/23/2020
Lyons,Tyler,210,74,L,L,9/23/2020
Maeda,Kenta,185,73,R,R,9/23/2020
Manaea,Sean,245,77,R,L,9/23/2020
Margevicius,Nick,220,77,L,L,9/23/2020
Martinez,Carlos,200,72,R,R,9/23/2020
Mize,Casey,220,75,R,R,9/23/2020
Moniak,Mickey,195,74,L,R,9/23/2020
Neidert,Nick,202,73,R,R,9/23/2020
Ramirez,Nick,232,76,L,L,9/23/2020
Ray,Robbie,215,74,L,L,9/23/2020
Rodriguez,Richard,218,76,R,R,9/23/2020
Sanchez,Sixto,234,72,R,R,9/23/2020
Smith,Josh,210,74,R,R,9/23/2020
Tanaka,Masahiro,218,75,R,R,9/23/2020
Urias,Julio,225,72,L,L,9/23/2020
Wacha,Michael,215,78,R,R,9/23/2020
Williams,Trevor,235,75,R,R,9/23/2020
Woodford,Jake,2125,76,R,R,9/23/2020
Young,Alex,220,75,L,L,9/23/2020
Zimmermann,Bruce,215,74,L,L,9/23/2020
Adams,Chance,215,73,R,R,9/22/2020
Bailey,Homer,223,76,R,R,9/22/2020
Basabe,Luis Alexander,180,72,B,R,9/22/2020
Brault,Steven,195,72,L,L,9/22/2020
Canning,Griffin,180,74,R,R,9/22/2020
Cole,Gerrit,220,76,R,R,9/22/2020
Eibner,Brett,215,76,R,R,9/22/2020
Font,Wilmer,255,76,R,R,9/22/2020
Fraley,Jake,195,72,L,L,9/22/2020
Hale,David,210,74,R,R,9/22/2020
James,Josh,234,75,R,R,9/22/2020
Lail,Brady,200,74,R,R,9/22/2020
Newsome,Ljay,210,71,R,R,9/22/2020
Phelps,David,198,74,R,R,9/22/2020
Phillips,Evan,215,74,R,R,9/22/2020
Ruiz,Jose,250,73,R,R,9/22/2020
Snell,Blake,225,76,L,L,9/22/2020
Starling,Bubba,215,76,R,R,9/22/2020
Stephenson,Tyler,225,76,R,R,9/22/2020
Valdez,Framber,239,71,L,L,9/22/2020
Walden,Marcus,198,70,R,R,9/22/2020
Wendelken,J. B.,242,73,R,R,9/22/2020
Workman,Brandon,235,77,R,R,9/22/2020
Zimmer,Kyle,225,75,R,R,9/22/2020
Bundy,Dylan,225,73,B,R,9/21/2020
Holland,Greg,205,70,R,R,9/21/2020
Jones,Nate,230,77,R,R,9/21/2020
Kieboom,Carter,210,74,R,R,9/21/2020
King,Mike,210,75,R,R,9/21/2020
Moore,Dylan,185,72,R,R,9/21/2020
Parker,Blake,225,75,R,R,9/21/2020
Rosso,Ramon,240,76,R,R,9/21/2020
Shoemaker,Matt,225,74,R,R,9/21/2020
Simmons,Andrelton,195,74,R,R,9/21/2020
Tromp,Chadwick,221,68,R,R,9/21/2020
Ynoa,Huascar,220,74,R,R,9/21/2020
Bourque,James,215,76,R,R,9/20/2020
Bradley,Archie,215,76,R,R,9/20/2020
Braymer,Ben,220,74,L,L,9/20/2020
Cishek,Steve,215,78,R,R,9/20/2020
Dahl,David,197,74,L,R,9/20/2020
Detwiler,Ross,210,77,R,L,9/20/2020
Dugger,Robert,198,72,R,R,9/20/2020
Garrett,Braxton,202,74,L,L,9/20/2020
Guerra,Junior,235,72,R,R,9/20/2020
Gutierrez,Kelvin,220,74,R,R,9/20/2020
Hembree,Heath,220,76,R,R,9/20/2020
Holland,Derek,213,74,B,L,9/20/2020
Marchan,Rafael,170,69,B,R,9/20/2020
McKinstry,Zach,180,72,L,R,9/20/2020
Medina,Adonis,187,73,R,R,9/20/2020
Mejia,Erick,155,71,B,R,9/20/2020
Oswalt,Corey,250,77,R,R,9/20/2020
Rojas,Josh,200,73,L,R,9/20/2020
Tate,Dillon,195,74,R,R,9/20/2020
Williams,Justin,235,73,L,R,9/20/2020
Arenado,Nolan,215,74,R,R,9/19/2020
Brothers,Rex,205,72,L,L,9/19/2020
Newman,Kevin,200,72,R,R,9/19/2020
Osich,Josh,235,74,L,L,9/19/2020
Rodriguez,Sean,199,72,R,R,9/19/2020
Stock,Robert,214,73,L,R,9/19/2020
Vargas,Ildemaro,180,72,B,R,9/19/2020
Barrett,Aaron,230,75,R,R,9/18/2020
Crowe,Wil,228,74,R,R,9/18/2020
Davis,Wade,225,77,R,R,9/18/2020
Espinal,Santiago,181,70,R,R,9/18/2020
Fulmer,Carson,215,72,R,R,9/18/2020
Gamel,Ben,177,71,L,L,9/18/2020
Kilome,Franklyn,175,78,R,R,9/18/2020
Marisnick,Jake,220,76,R,R,9/18/2020
Martin,Jason,185,69,L,R,9/18/2020
Romano,Sal,255,77,L,R,9/18/2020
Stiever,Jonathan,215,74,R,R,9/18/2020
Suarez,Andrew,202,72,L,L,9/18/2020
Velazquez,Andrew,170,69,B,R,9/18/2020
White,Mitch,210,75,R,R,9/18/2020
Astudillo,Willians,225,69,R,R,9/17/2020
Chang,Yu,180,73,R,R,9/17/2020
Cleavinger,Garrett,220,73,R,L,9/17/2020
Demeritte,Travis,180,72,R,R,9/17/2020
Fernandez,Junior,215,75,R,R,9/17/2020
Garcia,Rico,201,69,R,R,9/17/2020
Hudson,Dakota,215,77,R,R,9/17/2020
Meadows,Austin,225,75,L,L,9/17/2020
Merryweather,Julian,215,76,R,R,9/17/2020
Munoz,Yairo,200,71,R,R,9/17/2020
Quezada,Johan,255,81,R,R,9/17/2020
Richards,Trevor,195,74,R,R,9/17/2020
Sborz,Josh,215,75,R,R,9/17/2020
Smoak,Justin,220,76,B,L,9/17/2020
Eaton,Adam,176,69,L,L,9/16/2020
Hamels,Cole,205,76,L,L,9/16/2020
Leyer,Robinson,185,74,R,R,9/16/2020
Lucchesi,Joey,225,77,L,L,9/16/2020
Mejia,Francisco,188,68,B,R,9/16/2020
Odorizzi,Jake,190,74,R,R,9/16/2020
OÃ±a,Jorge,235,72,R,R,9/16/2020
Oviedo,Johan,245,77,R,R,9/16/2020
Perdomo,Luis,201,74,R,R,9/16/2020
Perez,Hector,223,75,R,R,9/16/2020
Tucker,Cole,205,75,B,R,9/16/2020
Waguespack,Jacob,235,78,R,R,9/16/2020
Wick,Rowan,234,75,L,R,9/16/2020
Almonte,Abraham,223,70,B,R,9/15/2020
Arrieta,Jake,230,76,R,R,9/15/2020
Blankenhorn,Travis,235,74,L,R,9/15/2020
Crismatt,Nabil,220,73,R,R,9/15/2020
Dobnak,Randy,230,73,R,R,9/15/2020
Estrada,Thairo,185,70,R,R,9/15/2020
Ferguson,Caleb,226,75,R,L,9/15/2020
Fisher,Derek,215,75,L,R,9/15/2020
Garlick,Kyle,210,73,R,R,9/15/2020
Giles,Ken,210,75,R,R,9/15/2020
Harvey,Matt,220,76,R,R,9/15/2020
Kaminsky,Rob,195,72,R,L,9/15/2020
Kay,Anthony,225,72,L,L,9/15/2020
Thomas,Lane,185,72,R,R,9/15/2020
Wojciechowski,Asher,235,76,R,R,9/15/2020
Brown,Seth,223,73,L,L,9/14/2020
De Leon,Jose,215,74,R,R,9/14/2020
Diaz,Isan,201,71,L,R,9/14/2020
Frankoff,Seth,215,77,R,R,9/14/2020
Ponce,Cody,255,77,R,R,9/14/2020
Toussaint,Touki,215,75,R,R,9/14/2020
Walton,Donovan,175,70,L,R,9/14/2020
Yacabonis,Jimmy,225,75,R,R,9/14/2020
Andujar,Miguel,211,72,R,R,9/13/2020
Dean,Austin,215,72,R,R,9/13/2020
Ford,Mike,225,72,L,R,9/13/2020
Mendick,Danny,195,70,R,R,9/13/2020
Suarez,Ranger,217,73,L,L,9/13/2020
Torreyes,Ronald,155,68,R,R,9/13/2020
Andrus,Elvis,210,72,R,R,9/12/2020
Castellanos,Humberto,218,71,R,R,9/12/2020
Choi,Ji-Man,260,73,L,R,9/12/2020
Crick,Kyle,225,76,L,R,9/12/2020
Farrell,Luke,200,78,L,R,9/12/2020
Flores,Bernardo,190,76,L,L,9/12/2020
Garcia,Luis,240,74,R,R,9/12/2020
Greiner,Grayson,239,78,R,R,9/12/2020
Hoskins,Rhys,245,76,R,R,9/12/2020
Howard,Spencer,210,75,R,R,9/12/2020
Jefferies,Daulton,182,72,L,R,9/12/2020
McRae,Alex,220,74,R,R,9/12/2020
Payamps,Joel,225,74,R,R,9/12/2020
PÃ©rez,Cionel,162,71,L,L,9/12/2020
Rooker,Brent,225,75,R,R,9/12/2020
Schoop,Jonathan,225,73,R,R,9/12/2020
Davis,Chris,245,75,L,R,9/11/2020
Hall,Matt,200,72,L,L,9/11/2020
Kriske,Brooks,190,75,R,R,9/11/2020
Quijada,Jose,215,71,L,L,9/11/2020
Burrows,Beau,210,74,R,R,9/10/2020
Doolittle,Sean,204,74,L,L,9/10/2020
Erlin,Robbie,200,71,R,L,9/10/2020
Leone,Dominic,215,70,R,R,9/10/2020
Nelson,Kyle,175,73,L,L,9/10/2020
Peacock,Brad,207,73,R,R,9/10/2020
Rainey,Tanner,235,74,R,R,9/10/2020
Reynolds,Matt,200,73,R,R,9/10/2020
Thaiss,Matt,215,72,L,R,9/10/2020
Thornburg,Tyler,190,71,R,R,9/10/2020
Bashlor,Tyler,195,72,R,R,9/9/2020
Fletcher,Aaron,220,72,L,L,9/9/2020
Funkhouser,Kyle,225,75,R,R,9/9/2020
Ginkel,Kevin,235,76,L,R,9/9/2020
Gott,Trevor,182,70,R,R,9/9/2020
Joseph,Caleb,205,75,R,R,9/9/2020
Milone,Tommy,215,72,L,L,9/9/2020
Reid-Foley,Sean,230,75,R,R,9/9/2020
Schreiber,John,210,74,R,R,9/9/2020
Trevino,Jose,210,71,R,R,9/9/2020
Vesia,Alex,209,73,L,L,9/9/2020
Williams,Mason,195,73,L,R,9/9/2020
Yamamoto,Jordan,185,72,R,R,9/9/2020
Grullon,Deivy,240,71,R,R,9/8/2020
Gsellman,Robert,200,76,R,R,9/8/2020
Long,Shed,184,68,L,R,9/8/2020
Mantiply,Joe,215,76,R,L,9/8/2020
Peraza,Jose,210,72,R,R,9/8/2020
Poppen,Sean,205,75,R,R,9/8/2020
Tellez,Rowdy,255,76,L,L,9/8/2020
Walker,Neil,214,74,B,R,9/8/2020
Williams,Taylor,185,71,B,R,9/8/2020
Culberson,Charlie,200,73,R,R,9/7/2020
Diaz,Lewin,217,76,L,L,9/7/2020
Heineman,Scott,205,73,R,R,9/7/2020
Alvarez,Eddy,185,69,B,R,9/6/2020
Bacus,Dakota,220,74,R,R,9/6/2020
Barreto,Franklin,208,70,R,R,9/6/2020
Beaty,Matt,215,72,L,R,9/6/2020
Chapman,Matt,215,72,R,R,9/6/2020
Davidson,Matt,230,75,R,R,9/6/2020
Dermody,Matt,190,77,R,L,9/6/2020
Devenski,Chris,219,75,R,R,9/6/2020
Llovera,Mauricio,224,71,R,R,9/6/2020
Santana,Dennis,190,74,R,R,9/6/2020
Smeltzer,Devin,195,75,R,L,9/6/2020
Alford,Anthony,210,73,R,R,9/5/2020
Briceno,Jose,225,73,R,R,9/5/2020
Camargo,Johan,195,72,B,R,9/5/2020
Kendrick,Howie,225,71,R,R,9/5/2020
Leibrandt,Brandon,190,76,L,L,9/5/2020
Lewicki,Artie,195,75,R,R,9/5/2020
Mathias,Mark,200,72,R,R,9/5/2020
Miller,Tyson,225,76,R,R,9/5/2020
Peters,Dillon,190,71,L,L,9/5/2020
Ramirez,Harold,232,70,R,R,9/5/2020
Rea,Colin,235,77,R,R,9/5/2020
Reed,Cody,230,77,L,L,9/5/2020
Rodriguez,Joely,200,73,L,L,9/5/2020
Sobotka,Chad,225,79,R,R,9/5/2020
Souza,Steven,225,76,R,R,9/5/2020
Stubbs,Garrett,170,70,L,R,9/5/2020
Taylor,Josh,245,77,L,L,9/5/2020
Viloria,Meibrys,225,71,L,R,9/5/2020
Campusano,Luis,232,71,R,R,9/4/2020
Difo,Wilmer,200,71,B,R,9/4/2020
Godley,Zack,250,75,R,R,9/4/2020
Guerra,Javy,185,72,L,R,9/4/2020
Haggerty,Sam,175,71,B,R,9/4/2020
Heller,Ben,210,75,R,R,9/4/2020
Herrera,Dilson,210,70,R,R,9/4/2020
McGuire,Reese,215,72,L,R,9/4/2020
Santander,Anthony,225,74,B,R,9/4/2020
Weigel,Patrick,240,78,R,R,9/4/2020
Young,Andy,200,72,R,R,9/4/2020
Abreu,Albert,190,74,R,R,9/3/2020
Allen,Greg,185,72,B,R,9/2/2020
Burdi,Zack,210,75,R,R,9/2/2020
Alexander,Scott,195,74,L,L,9/1/2020
Bickford,Phil,200,76,R,R,9/1/2020
Gray,Jon,225,76,R,R,9/1/2020
Guerra,Javy,216,73,R,R,9/1/2020
Hart,Kyle,200,77,L,L,9/1/2020
Hernandez,Elieser,214,72,R,R,9/1/2020
Jones,JaCoby,201,74,R,R,9/1/2020
Jurado,Ariel,240,74,R,R,9/1/2020
Knizner,Andrew,225,73,R,R,9/1/2020
Meisinger,Ryan,235,76,R,R,9/1/2020
O'Grady,Brian,215,74,L,R,9/1/2020
Rivera,Yadiel,190,75,R,R,9/1/2020
Rosario,Randy,210,73,L,L,9/1/2020
Sanchez,Ali,200,73,R,R,9/1/2020
Brewer,Colten,222,76,R,R,8/31/2020
DÃ­az,Yandy,215,74,R,R,8/31/2020
Garcia,Edgar,205,73,R,R,8/31/2020
Mercer,Jordy,210,75,R,R,8/31/2020
Sanchez,Jesus,222,75,L,R,8/31/2020
Strickland,Hunter,225,75,R,R,8/31/2020
Almora,Albert,190,74,R,R,8/30/2020
Banda,Anthony,225,74,L,L,8/30/2020
Chatwood,Tyler,200,71,R,R,8/30/2020
Diehl,Phillip,169,74,L,L,8/30/2020
Hudson,Joe,210,72,R,R,8/30/2020
Kuhnel,Joel,280,76,R,R,8/30/2020
McClain,Reggie,180,74,R,R,8/30/2020
Payton,Mark,180,68,L,L,8/30/2020
Pazos,James,252,74,R,L,8/30/2020
Rickard,Joey,192,72,R,L,8/30/2020
Smith,Drew,190,74,R,R,8/30/2020
Adams,Matt,245,75,L,R,8/29/2020
BÃ¡ez,Michel,220,80,R,R,8/29/2020
Buchter,Ryan,232,76,L,L,8/29/2020
Goins,Ryan,180,70,L,R,8/29/2020
Grotz,Zac,195,74,R,R,8/29/2020
Kennedy,Ian,210,72,R,R,8/29/2020
Middleton,Keynan,215,75,R,R,8/29/2020
Rodgers,Brendan,204,72,R,R,8/29/2020
Santana,Domingo,232,77,R,R,8/29/2020
Thorpe,Lewis,218,73,R,L,8/29/2020
Craig,Will,220,75,R,R,8/28/2020
Florial,Estevan,195,73,L,R,8/28/2020
Mears,Nick,215,74,R,R,8/28/2020
Romano,Jordan,225,77,R,R,8/28/2020
Sanchez,Ricardo,220,70,L,L,8/28/2020
Schrock,Max,185,69,L,R,8/28/2020
Bednar,David,249,73,L,R,8/27/2020
Biddle,Jesse,220,77,L,L,8/27/2020
Grimm,Justin,210,75,R,R,8/27/2020
Magill,Matt,210,75,R,R,8/27/2020
Pina,Manny,222,72,R,R,8/27/2020
Coulombe,Danny,190,70,L,L,8/26/2020
Grace,Matt,215,76,L,L,8/26/2020
Lagares,Juan,219,74,R,R,8/26/2020
Perez,Hernan,213,73,R,R,8/26/2020
Santana,Danny,195,71,B,R,8/26/2020
Beeks,Jalen,200,71,L,L,8/25/2020
Biagini,Joe,235,77,R,R,8/25/2020
Drury,Brandon,230,74,R,R,8/25/2020
Forsythe,Logan,195,73,R,R,8/25/2020
Gaviglio,Sam,215,73,R,R,8/25/2020
Gibaut,Ian,250,75,R,R,8/25/2020
Jones,Taylor,230,79,R,R,8/25/2020
Navarreto,Brian,237,72,R,R,8/25/2020
Phegley,Josh,225,70,R,R,8/25/2020
Suarez,Jose,225,70,L,L,8/25/2020
Cron,Kevin,255,77,R,R,8/23/2020
Gonzalez,Luis,180,73,L,L,8/23/2020
Jankowski,Travis,190,75,L,R,8/23/2020
LeBlanc,Wade,215,75,L,L,8/23/2020
Mejia,Humberto,235,76,R,R,8/23/2020
Miller,Ian,170,72,L,R,8/23/2020
Sharp,Sterling,182,75,R,R,8/23/2020
Taylor,Beau,205,71,L,R,8/23/2020
Thornton,Trent,195,72,R,R,8/23/2020
Allen,Austin,219,74,L,R,8/22/2020
Cervelli,Francisco,220,72,R,R,8/22/2020
Gilmartin,Sean,205,74,L,L,8/22/2020
Jackson,Alex,215,74,R,R,8/22/2020
Pache,Cristian,215,74,R,R,8/22/2020
Perdomo,Angel,265,80,L,L,8/22/2020
Refsnyder,Rob,205,72,R,R,8/22/2020
Romero,Seth,240,75,L,L,8/22/2020
Guerra,Deolis,245,77,R,R,8/21/2020
Irvin,Cole,217,76,L,L,8/21/2020
Kela,Keone,220,73,R,R,8/21/2020
Littell,Zack,220,76,R,R,8/21/2020
Pence,Hunter,216,76,R,R,8/21/2020
Alvarez,Jose,195,71,L,L,8/20/2020
Avilan,Luis,220,74,L,L,8/20/2020
Guilbeau,Taylor,190,76,L,L,8/20/2020
Harvey,Joe,236,74,R,R,8/20/2020
McKinney,Billy,205,73,L,L,8/20/2020
Paxton,James,227,76,L,L,8/20/2020
Smith,Dwight,210,72,L,R,8/20/2020
Waddell,Brandon,180,75,L,L,8/20/2020
Zimmer,Bradley,220,77,L,R,8/20/2020
Collins,Zack,230,75,L,R,8/19/2020
Kelly,Merrill,210,74,R,R,8/19/2020
Owings,Chris,185,70,R,R,8/19/2020
Roe,Chaz,190,77,R,R,8/19/2020
Ruiz,Keibert,225,72,B,R,8/19/2020
Smith,Josh,200,75,L,L,8/19/2020
Speier,Gabe,175,71,L,L,8/19/2020
Cruz,Jesus,230,73,R,R,8/18/2020
Mengden,Daniel,215,73,R,R,8/18/2020
Nido,Tomas,211,72,R,R,8/18/2020
Venditte,Pat,186,72,L,S,8/18/2020
Lavarnway,Ryan,239,75,R,R,8/17/2020
Nicasio,Juan,250,76,R,R,8/17/2020
Shafer,Justin,205,74,R,R,8/17/2020
Chirinos,Yonny,225,74,R,R,8/16/2020
Lugo,Dawel,190,72,R,R,8/16/2020
Moran,Brian,225,76,L,L,8/16/2020
Nogowski,John,245,72,R,L,8/16/2020
Ramirez,Roel,235,72,R,R,8/16/2020
Rodriguez,Dereck,208,72,R,R,8/16/2020
Ãlvarez,Yordan,225,77,L,R,8/15/2020
Smith,Burch,225,76,R,R,8/15/2020
Smith,Mallex,180,70,L,R,8/15/2020
Alvarado,Jose,240,72,L,L,8/14/2020
Bailey,Brandon,195,70,R,R,8/14/2020
Carroll,Cody,215,77,R,R,8/14/2020
Cortes,Nestor,210,71,R,L,8/14/2020
Dozier,Brian,200,71,R,R,8/14/2020
Nova,Ivan,250,77,R,R,8/14/2020
Shaw,Bryan,226,73,B,R,8/14/2020
Strasburg,Stephen,235,77,R,R,8/14/2020
Yates,Kirby,205,70,L,R,8/14/2020
Castro,Starlin,220,74,R,R,8/13/2020
Hess,David,215,73,R,R,8/13/2020
Colon,Christian,215,70,R,R,8/12/2020
Freeman,Sam,180,71,R,L,8/12/2020
Morin,Mike,220,76,R,R,8/12/2020
Beasley,Jeremy,245,75,R,R,8/11/2020
Benintendi,Andrew,180,69,L,L,8/11/2020
Hamilton,Ian,200,73,R,R,8/11/2020
Kittredge,Andrew,230,73,R,R,8/11/2020
Volquez,Edinson,220,72,R,R,8/11/2020
Cron,C. J.,235,76,R,R,8/10/2020
Garcia,Leury,185,68,B,R,8/10/2020
Kelley,Trevor,210,74,R,R,8/10/2020
Menez,Conner,206,74,L,L,8/10/2020
Newcomb,Sean,255,77,L,L,8/10/2020
Sewald,Paul,205,75,R,R,8/10/2020
Gearrin,Cory,205,73,R,R,8/9/2020
Morrison,Logan,245,75,L,L,8/9/2020
Sanabria,Carlos,165,75,R,R,8/9/2020
Anderson,Drew,205,75,R,R,8/8/2020
Evans,Phillip,210,70,R,R,8/8/2020
Rios,Yacksel,215,75,R,R,8/8/2020
Del Pozo,Miguel,205,73,L,L,8/7/2020
Strop,Pedro,220,73,R,R,8/7/2020
Guzman,Jorge,246,73,R,R,8/6/2020
McCarthy,Kevin,210,75,R,R,8/6/2020
Edwards,Carl,170,75,R,R,8/5/2020
Schebler,Scott,228,73,L,R,8/5/2020
Abreu,Bryan,225,73,R,R,8/4/2020
GarcÃ­a,Adolis,205,73,R,R,8/4/2020
Burdi,Nick,225,75,R,R,8/3/2020
Johnson,Daniel,200,70,L,L,8/3/2020
Rusin,Chris,200,74,L,L,8/3/2020
Soroka,Mike,225,77,R,R,8/3/2020
Delmonico,Nick,230,75,L,R,8/2/2020
Hermosillo,Michael,205,72,R,R,8/2/2020
Mercedes,Yermin,235,71,R,R,8/2/2020
Rodriguez,Jose,175,74,R,R,8/2/2020
Sparkman,Glenn,215,74,R,R,8/2/2020
Bolanos,Ronald,230,74,R,R,8/1/2020
CÃ©spedes,Yoenis,225,71,R,R,8/1/2020
Feliz,Michael,240,76,R,R,8/1/2020
Hernandez,Oscar,230,73,R,R,8/1/2020
Osuna,Roberto,217,74,R,R,8/1/2020
Palumbo,Joe,195,72,L,L,8/1/2020
Chacin,Jhoulys,215,75,R,R,7/31/2020
Keller,Kyle,205,76,R,R,7/31/2020
Bonifacio,Emilio,200,70,B,R,7/29/2020
Gore,Terrance,160,67,R,R,7/29/2020
Maples,Dillon,230,74,R,R,7/29/2020
Norwood,James,215,74,R,R,7/29/2020
Rivera,Rene,215,70,R,R,7/29/2020
Whitefield,Aaron,210,76,R,R,7/29/2020
Cain,Lorenzo,214,74,R,R,7/28/2020
Davis,Jaylin,205,71,R,R,7/28/2020
Jimenez,Dany,182,73,R,R,7/28/2020
Lambert,Jimmy,190,74,R,R,7/28/2020
McCarthy,Joe,220,75,L,L,7/28/2020
Wahl,Bobby,216,75,R,R,7/28/2020
Castro,Anthony,182,74,R,R,7/27/2020
Contreras,William,180,72,R,R,7/27/2020
Foltynewicz,Mike,195,76,R,R,7/27/2020
Griffin,Foster,225,75,R,L,7/27/2020
Brigham,Jeff,195,72,R,R,7/26/2020
Cuthbert,Cheslor,205,73,R,R,7/26/2020
Herrera,Kelvin,220,70,R,R,7/26/2020
Holloway,Jordan,230,78,R,R,7/26/2020
Kahnle,Tommy,230,73,R,R,7/26/2020
Kluber,Corey,215,76,R,R,7/26/2020
Leclerc,Jose,195,72,R,R,7/26/2020
Lovelady,Richard,185,72,L,L,7/26/2020
Nunez,Eduardo,195,72,R,R,7/26/2020
Wieck,Brad,257,80,L,L,7/25/2020
Brantly,Rob,191,72,L,R,7/24/2020
Holmes,Clay,230,77,R,R,7/24/2020
Lucroy,Jonathan,200,72,R,R,7/24/2020
McKay,David,205,75,R,R,7/24/2020
Verlander,Justin,235,77,R,R,7/24/2020
